[{"model": "admin.logentry", "pk": 1, "fields": {"action_time": "2019-12-02T15:10:49.654Z", "user": 1, "content_type": 12, "object_id": "1", "object_repr": "Rifat", "action_flag": 1, "change_message": "[{\"added\": {}}]"}}, {"model": "admin.logentry", "pk": 2, "fields": {"action_time": "2019-12-02T15:33:52.496Z", "user": 1, "content_type": 8, "object_id": "1", "object_repr": "Aci", "action_flag": 1, "change_message": "[{\"added\": {}}]"}}, {"model": "admin.logentry", "pk": 3, "fields": {"action_time": "2019-12-02T15:56:30.953Z", "user": 1, "content_type": 7, "object_id": "1", "object_repr": "AntibioticType object (1)", "action_flag": 1, "change_message": "[{\"added\": {}}]"}}, {"model": "admin.logentry", "pk": 4, "fields": {"action_time": "2019-12-02T16:10:24.734Z", "user": 1, "content_type": 7, "object_id": "2", "object_repr": "AntibioticType object (2)", "action_flag": 1, "change_message": "[{\"added\": {}}]"}}, {"model": "admin.logentry", "pk": 5, "fields": {"action_time": "2019-12-02T16:11:52.031Z", "user": 1, "content_type": 10, "object_id": "1", "object_repr": "MedicineType object (1)", "action_flag": 1, "change_message": "[{\"added\": {}}]"}}, {"model": "admin.logentry", "pk": 6, "fields": {"action_time": "2019-12-02T16:12:08.732Z", "user": 1, "content_type": 10, "object_id": "2", "object_repr": "MedicineType object (2)", "action_flag": 1, "change_message": "[{\"added\": {}}]"}}, {"model": "admin.logentry", "pk": 7, "fields": {"action_time": "2019-12-02T16:12:28.176Z", "user": 1, "content_type": 10, "object_id": "3", "object_repr": "MedicineType object (3)", "action_flag": 1, "change_message": "[{\"added\": {}}]"}}, {"model": "admin.logentry", "pk": 8, "fields": {"action_time": "2019-12-02T20:44:25.133Z", "user": 1, "content_type": 9, "object_id": "1", "object_repr": "MedicineForm object (1)", "action_flag": 1, "change_message": "[{\"added\": {}}]"}}, {"model": "admin.logentry", "pk": 9, "fields": {"action_time": "2019-12-02T20:44:47.755Z", "user": 1, "content_type": 10, "object_id": "4", "object_repr": "MedicineType object (4)", "action_flag": 1, "change_message": "[{\"added\": {}}]"}}, {"model": "admin.logentry", "pk": 10, "fields": {"action_time": "2019-12-02T20:45:08.299Z", "user": 1, "content_type": 10, "object_id": "5", "object_repr": "MedicineType object (5)", "action_flag": 1, "change_message": "[{\"added\": {}}]"}}, {"model": "admin.logentry", "pk": 11, "fields": {"action_time": "2019-12-02T20:45:15.747Z", "user": 1, "content_type": 11, "object_id": "1", "object_repr": "Napa", "action_flag": 1, "change_message": "[{\"added\": {}}]"}}, {"model": "admin.logentry", "pk": 12, "fields": {"action_time": "2019-12-02T20:45:42.632Z", "user": 1, "content_type": 18, "object_id": "1", "object_repr": "Laz", "action_flag": 1, "change_message": "[{\"added\": {}}]"}}, {"model": "admin.logentry", "pk": 13, "fields": {"action_time": "2019-12-02T20:45:52.492Z", "user": 1, "content_type": 19, "object_id": "1", "object_repr": "SoldMedicineWithoutPrescription object (1)", "action_flag": 1, "change_message": "[{\"added\": {}}]"}}, {"model": "admin.logentry", "pk": 14, "fields": {"action_time": "2019-12-03T08:30:27.293Z", "user": 1, "content_type": 11, "object_id": "2", "object_repr": "Floxin", "action_flag": 1, "change_message": "[{\"added\": {}}]"}}, {"model": "admin.logentry", "pk": 15, "fields": {"action_time": "2019-12-03T08:30:55.836Z", "user": 1, "content_type": 19, "object_id": "2", "object_repr": "SoldMedicineWithoutPrescription object (2)", "action_flag": 1, "change_message": "[{\"added\": {}}]"}}, {"model": "admin.logentry", "pk": 16, "fields": {"action_time": "2019-12-03T08:34:13.577Z", "user": 1, "content_type": 11, "object_id": "2", "object_repr": "Floxin", "action_flag": 2, "change_message": "[{\"changed\": {\"fields\": [\"type\"]}}]"}}, {"model": "admin.logentry", "pk": 17, "fields": {"action_time": "2019-12-03T08:35:07.262Z", "user": 1, "content_type": 11, "object_id": "2", "object_repr": "Floxin", "action_flag": 2, "change_message": "[{\"changed\": {\"fields\": [\"type\"]}}]"}}, {"model": "admin.logentry", "pk": 18, "fields": {"action_time": "2019-12-03T08:39:02.646Z", "user": 1, "content_type": 11, "object_id": "1", "object_repr": "Napa", "action_flag": 2, "change_message": "[{\"changed\": {\"fields\": [\"type\"]}}]"}}, {"model": "admin.logentry", "pk": 19, "fields": {"action_time": "2019-12-03T08:58:14.397Z", "user": 1, "content_type": 7, "object_id": "2", "object_repr": "Non_Antibiotic", "action_flag": 2, "change_message": "[{\"changed\": {\"fields\": [\"antibioticTypeName\"]}}]"}}, {"model": "admin.logentry", "pk": 20, "fields": {"action_time": "2019-12-03T09:02:19.390Z", "user": 1, "content_type": 11, "object_id": "1", "object_repr": "Napa", "action_flag": 2, "change_message": "[{\"changed\": {\"fields\": [\"type\"]}}]"}}, {"model": "admin.logentry", "pk": 21, "fields": {"action_time": "2019-12-03T09:18:59.410Z", "user": 1, "content_type": 15, "object_id": "1", "object_repr": "PatientSex object (1)", "action_flag": 1, "change_message": "[{\"added\": {}}]"}}, {"model": "admin.logentry", "pk": 22, "fields": {"action_time": "2019-12-03T09:19:13.540Z", "user": 1, "content_type": 14, "object_id": "1", "object_repr": "O+", "action_flag": 1, "change_message": "[{\"added\": {}}]"}}, {"model": "admin.logentry", "pk": 23, "fields": {"action_time": "2019-12-03T09:19:22.515Z", "user": 1, "content_type": 13, "object_id": "1", "object_repr": "Patient object (1)", "action_flag": 1, "change_message": "[{\"added\": {}}]"}}, {"model": "admin.logentry", "pk": 24, "fields": {"action_time": "2019-12-03T09:44:48.901Z", "user": 1, "content_type": 16, "object_id": "1", "object_repr": "Prescription object (1)", "action_flag": 1, "change_message": "[{\"added\": {}}]"}}, {"model": "admin.logentry", "pk": 25, "fields": {"action_time": "2019-12-03T17:27:48.013Z", "user": 1, "content_type": 17, "object_id": "1", "object_repr": "PrescribedMedicine object (1)", "action_flag": 1, "change_message": "[{\"added\": {}}]"}}, {"model": "admin.logentry", "pk": 26, "fields": {"action_time": "2019-12-04T07:45:53.080Z", "user": 1, "content_type": 20, "object_id": "1", "object_repr": "SoldMedicine object (1)", "action_flag": 1, "change_message": "[{\"added\": {}}]"}}, {"model": "admin.logentry", "pk": 27, "fields": {"action_time": "2019-12-06T14:04:09.394Z", "user": 1, "content_type": 9, "object_id": "2", "object_repr": "MedicineForm object (2)", "action_flag": 1, "change_message": "[{\"added\": {}}]"}}, {"model": "admin.logentry", "pk": 28, "fields": {"action_time": "2019-12-06T14:04:17.288Z", "user": 1, "content_type": 9, "object_id": "3", "object_repr": "MedicineForm object (3)", "action_flag": 1, "change_message": "[{\"added\": {}}]"}}, {"model": "admin.logentry", "pk": 29, "fields": {"action_time": "2019-12-06T14:04:48.297Z", "user": 1, "content_type": 10, "object_id": "5", "object_repr": "Metronidazole", "action_flag": 3, "change_message": ""}}, {"model": "admin.logentry", "pk": 30, "fields": {"action_time": "2019-12-06T14:04:48.442Z", "user": 1, "content_type": 10, "object_id": "3", "object_repr": "Amoxicillin", "action_flag": 3, "change_message": ""}}, {"model": "admin.logentry", "pk": 31, "fields": {"action_time": "2019-12-06T14:05:16.501Z", "user": 1, "content_type": 14, "object_id": "2", "object_repr": "O-", "action_flag": 1, "change_message": "[{\"added\": {}}]"}}, {"model": "admin.logentry", "pk": 32, "fields": {"action_time": "2019-12-06T14:05:19.978Z", "user": 1, "content_type": 14, "object_id": "3", "object_repr": "B+", "action_flag": 1, "change_message": "[{\"added\": {}}]"}}, {"model": "admin.logentry", "pk": 33, "fields": {"action_time": "2019-12-06T14:05:27.402Z", "user": 1, "content_type": 14, "object_id": "4", "object_repr": "B-", "action_flag": 1, "change_message": "[{\"added\": {}}]"}}, {"model": "admin.logentry", "pk": 34, "fields": {"action_time": "2019-12-06T14:05:33.291Z", "user": 1, "content_type": 14, "object_id": "5", "object_repr": "AB+", "action_flag": 1, "change_message": "[{\"added\": {}}]"}}, {"model": "admin.logentry", "pk": 35, "fields": {"action_time": "2019-12-06T14:05:36.767Z", "user": 1, "content_type": 14, "object_id": "6", "object_repr": "AB-", "action_flag": 1, "change_message": "[{\"added\": {}}]"}}, {"model": "admin.logentry", "pk": 36, "fields": {"action_time": "2019-12-06T14:05:58.556Z", "user": 1, "content_type": 14, "object_id": "7", "object_repr": "A-", "action_flag": 1, "change_message": "[{\"added\": {}}]"}}, {"model": "admin.logentry", "pk": 37, "fields": {"action_time": "2019-12-06T14:06:02.218Z", "user": 1, "content_type": 14, "object_id": "8", "object_repr": "A+", "action_flag": 1, "change_message": "[{\"added\": {}}]"}}, {"model": "admin.logentry", "pk": 38, "fields": {"action_time": "2019-12-06T14:06:12.836Z", "user": 1, "content_type": 15, "object_id": "2", "object_repr": "PatientSex object (2)", "action_flag": 1, "change_message": "[{\"added\": {}}]"}}, {"model": "admin.logentry", "pk": 39, "fields": {"action_time": "2019-12-06T14:06:51.781Z", "user": 1, "content_type": 15, "object_id": "3", "object_repr": "PatientSex object (3)", "action_flag": 1, "change_message": "[{\"added\": {}}]"}}, {"model": "admin.logentry", "pk": 40, "fields": {"action_time": "2019-12-06T14:07:30.160Z", "user": 1, "content_type": 15, "object_id": "2", "object_repr": "PatientSex object (2)", "action_flag": 2, "change_message": "[{\"changed\": {\"fields\": [\"patientSexName\"]}}]"}}, {"model": "admin.logentry", "pk": 41, "fields": {"action_time": "2019-12-06T14:15:55.231Z", "user": 1, "content_type": 8, "object_id": "1", "object_repr": "Aci", "action_flag": 2, "change_message": "[{\"changed\": {\"fields\": [\"phoneNumber\"]}}]"}}, {"model": "admin.logentry", "pk": 42, "fields": {"action_time": "2019-12-11T19:11:15.863Z", "user": 1, "content_type": 19, "object_id": "3", "object_repr": "SoldMedicineWithoutPrescription object (3)", "action_flag": 1, "change_message": "[{\"added\": {}}]"}}, {"model": "admin.logentry", "pk": 43, "fields": {"action_time": "2019-12-11T19:11:45.867Z", "user": 1, "content_type": 19, "object_id": "4", "object_repr": "SoldMedicineWithoutPrescription object (4)", "action_flag": 1, "change_message": "[{\"added\": {}}]"}}, {"model": "admin.logentry", "pk": 44, "fields": {"action_time": "2019-12-11T19:14:49.513Z", "user": 1, "content_type": 7, "object_id": "3", "object_repr": "doxycycline", "action_flag": 1, "change_message": "[{\"added\": {}}]"}}, {"model": "admin.logentry", "pk": 45, "fields": {"action_time": "2019-12-11T19:15:42.703Z", "user": 1, "content_type": 10, "object_id": "6", "object_repr": "doxycycline", "action_flag": 1, "change_message": "[{\"added\": {}}]"}}, {"model": "admin.logentry", "pk": 46, "fields": {"action_time": "2019-12-11T19:16:35.619Z", "user": 1, "content_type": 19, "object_id": "5", "object_repr": "SoldMedicineWithoutPrescription object (5)", "action_flag": 1, "change_message": "[{\"added\": {}}]"}}, {"model": "admin.logentry", "pk": 47, "fields": {"action_time": "2021-09-05T05:58:21.570Z", "user": 1, "content_type": 12, "object_id": "2", "object_repr": "Dhruvin Mehta", "action_flag": 1, "change_message": "[{\"added\": {}}]"}}, {"model": "admin.logentry", "pk": 48, "fields": {"action_time": "2021-09-05T05:59:48.892Z", "user": 1, "content_type": 18, "object_id": "2", "object_repr": "GP", "action_flag": 1, "change_message": "[{\"added\": {}}]"}}, {"model": "admin.logentry", "pk": 49, "fields": {"action_time": "2021-09-05T06:31:34.308Z", "user": 1, "content_type": 12, "object_id": "2", "object_repr": "Dhruvin Mehta", "action_flag": 2, "change_message": "[]"}}, {"model": "admin.logentry", "pk": 50, "fields": {"action_time": "2021-09-05T06:35:26.057Z", "user": 1, "content_type": 12, "object_id": "2", "object_repr": "Dhruvin Mehta", "action_flag": 2, "change_message": "[]"}}, {"model": "admin.logentry", "pk": 51, "fields": {"action_time": "2021-09-05T06:36:00.592Z", "user": 1, "content_type": 12, "object_id": "2", "object_repr": "Dhruvin Mehta", "action_flag": 2, "change_message": "[]"}}, {"model": "auth.permission", "pk": 1, "fields": {"name": "Can add log entry", "content_type": 1, "codename": "add_logentry"}}, {"model": "auth.permission", "pk": 2, "fields": {"name": "Can change log entry", "content_type": 1, "codename": "change_logentry"}}, {"model": "auth.permission", "pk": 3, "fields": {"name": "Can delete log entry", "content_type": 1, "codename": "delete_logentry"}}, {"model": "auth.permission", "pk": 4, "fields": {"name": "Can view log entry", "content_type": 1, "codename": "view_logentry"}}, {"model": "auth.permission", "pk": 5, "fields": {"name": "Can add permission", "content_type": 2, "codename": "add_permission"}}, {"model": "auth.permission", "pk": 6, "fields": {"name": "Can change permission", "content_type": 2, "codename": "change_permission"}}, {"model": "auth.permission", "pk": 7, "fields": {"name": "Can delete permission", "content_type": 2, "codename": "delete_permission"}}, {"model": "auth.permission", "pk": 8, "fields": {"name": "Can view permission", "content_type": 2, "codename": "view_permission"}}, {"model": "auth.permission", "pk": 9, "fields": {"name": "Can add group", "content_type": 3, "codename": "add_group"}}, {"model": "auth.permission", "pk": 10, "fields": {"name": "Can change group", "content_type": 3, "codename": "change_group"}}, {"model": "auth.permission", "pk": 11, "fields": {"name": "Can delete group", "content_type": 3, "codename": "delete_group"}}, {"model": "auth.permission", "pk": 12, "fields": {"name": "Can view group", "content_type": 3, "codename": "view_group"}}, {"model": "auth.permission", "pk": 13, "fields": {"name": "Can add user", "content_type": 4, "codename": "add_user"}}, {"model": "auth.permission", "pk": 14, "fields": {"name": "Can change user", "content_type": 4, "codename": "change_user"}}, {"model": "auth.permission", "pk": 15, "fields": {"name": "Can delete user", "content_type": 4, "codename": "delete_user"}}, {"model": "auth.permission", "pk": 16, "fields": {"name": "Can view user", "content_type": 4, "codename": "view_user"}}, {"model": "auth.permission", "pk": 17, "fields": {"name": "Can add content type", "content_type": 5, "codename": "add_contenttype"}}, {"model": "auth.permission", "pk": 18, "fields": {"name": "Can change content type", "content_type": 5, "codename": "change_contenttype"}}, {"model": "auth.permission", "pk": 19, "fields": {"name": "Can delete content type", "content_type": 5, "codename": "delete_contenttype"}}, {"model": "auth.permission", "pk": 20, "fields": {"name": "Can view content type", "content_type": 5, "codename": "view_contenttype"}}, {"model": "auth.permission", "pk": 21, "fields": {"name": "Can add session", "content_type": 6, "codename": "add_session"}}, {"model": "auth.permission", "pk": 22, "fields": {"name": "Can change session", "content_type": 6, "codename": "change_session"}}, {"model": "auth.permission", "pk": 23, "fields": {"name": "Can delete session", "content_type": 6, "codename": "delete_session"}}, {"model": "auth.permission", "pk": 24, "fields": {"name": "Can view session", "content_type": 6, "codename": "view_session"}}, {"model": "auth.permission", "pk": 25, "fields": {"name": "Can add antibiotic type", "content_type": 7, "codename": "add_antibiotictype"}}, {"model": "auth.permission", "pk": 26, "fields": {"name": "Can change antibiotic type", "content_type": 7, "codename": "change_antibiotictype"}}, {"model": "auth.permission", "pk": 27, "fields": {"name": "Can delete antibiotic type", "content_type": 7, "codename": "delete_antibiotictype"}}, {"model": "auth.permission", "pk": 28, "fields": {"name": "Can view antibiotic type", "content_type": 7, "codename": "view_antibiotictype"}}, {"model": "auth.permission", "pk": 29, "fields": {"name": "Can add company", "content_type": 8, "codename": "add_company"}}, {"model": "auth.permission", "pk": 30, "fields": {"name": "Can change company", "content_type": 8, "codename": "change_company"}}, {"model": "auth.permission", "pk": 31, "fields": {"name": "Can delete company", "content_type": 8, "codename": "delete_company"}}, {"model": "auth.permission", "pk": 32, "fields": {"name": "Can view company", "content_type": 8, "codename": "view_company"}}, {"model": "auth.permission", "pk": 33, "fields": {"name": "Can add medicine form", "content_type": 9, "codename": "add_medicineform"}}, {"model": "auth.permission", "pk": 34, "fields": {"name": "Can change medicine form", "content_type": 9, "codename": "change_medicineform"}}, {"model": "auth.permission", "pk": 35, "fields": {"name": "Can delete medicine form", "content_type": 9, "codename": "delete_medicineform"}}, {"model": "auth.permission", "pk": 36, "fields": {"name": "Can view medicine form", "content_type": 9, "codename": "view_medicineform"}}, {"model": "auth.permission", "pk": 37, "fields": {"name": "Can add medicine type", "content_type": 10, "codename": "add_medicinetype"}}, {"model": "auth.permission", "pk": 38, "fields": {"name": "Can change medicine type", "content_type": 10, "codename": "change_medicinetype"}}, {"model": "auth.permission", "pk": 39, "fields": {"name": "Can delete medicine type", "content_type": 10, "codename": "delete_medicinetype"}}, {"model": "auth.permission", "pk": 40, "fields": {"name": "Can view medicine type", "content_type": 10, "codename": "view_medicinetype"}}, {"model": "auth.permission", "pk": 41, "fields": {"name": "Can add medicine", "content_type": 11, "codename": "add_medicine"}}, {"model": "auth.permission", "pk": 42, "fields": {"name": "Can change medicine", "content_type": 11, "codename": "change_medicine"}}, {"model": "auth.permission", "pk": 43, "fields": {"name": "Can delete medicine", "content_type": 11, "codename": "delete_medicine"}}, {"model": "auth.permission", "pk": 44, "fields": {"name": "Can view medicine", "content_type": 11, "codename": "view_medicine"}}, {"model": "auth.permission", "pk": 45, "fields": {"name": "Can add doctor", "content_type": 12, "codename": "add_doctor"}}, {"model": "auth.permission", "pk": 46, "fields": {"name": "Can change doctor", "content_type": 12, "codename": "change_doctor"}}, {"model": "auth.permission", "pk": 47, "fields": {"name": "Can delete doctor", "content_type": 12, "codename": "delete_doctor"}}, {"model": "auth.permission", "pk": 48, "fields": {"name": "Can view doctor", "content_type": 12, "codename": "view_doctor"}}, {"model": "auth.permission", "pk": 49, "fields": {"name": "Can add patient", "content_type": 13, "codename": "add_patient"}}, {"model": "auth.permission", "pk": 50, "fields": {"name": "Can change patient", "content_type": 13, "codename": "change_patient"}}, {"model": "auth.permission", "pk": 51, "fields": {"name": "Can delete patient", "content_type": 13, "codename": "delete_patient"}}, {"model": "auth.permission", "pk": 52, "fields": {"name": "Can view patient", "content_type": 13, "codename": "view_patient"}}, {"model": "auth.permission", "pk": 53, "fields": {"name": "Can add patient blood group", "content_type": 14, "codename": "add_patientbloodgroup"}}, {"model": "auth.permission", "pk": 54, "fields": {"name": "Can change patient blood group", "content_type": 14, "codename": "change_patientbloodgroup"}}, {"model": "auth.permission", "pk": 55, "fields": {"name": "Can delete patient blood group", "content_type": 14, "codename": "delete_patientbloodgroup"}}, {"model": "auth.permission", "pk": 56, "fields": {"name": "Can view patient blood group", "content_type": 14, "codename": "view_patientbloodgroup"}}, {"model": "auth.permission", "pk": 57, "fields": {"name": "Can add patient sex", "content_type": 15, "codename": "add_patientsex"}}, {"model": "auth.permission", "pk": 58, "fields": {"name": "Can change patient sex", "content_type": 15, "codename": "change_patientsex"}}, {"model": "auth.permission", "pk": 59, "fields": {"name": "Can delete patient sex", "content_type": 15, "codename": "delete_patientsex"}}, {"model": "auth.permission", "pk": 60, "fields": {"name": "Can view patient sex", "content_type": 15, "codename": "view_patientsex"}}, {"model": "auth.permission", "pk": 61, "fields": {"name": "Can add prescription", "content_type": 16, "codename": "add_prescription"}}, {"model": "auth.permission", "pk": 62, "fields": {"name": "Can change prescription", "content_type": 16, "codename": "change_prescription"}}, {"model": "auth.permission", "pk": 63, "fields": {"name": "Can delete prescription", "content_type": 16, "codename": "delete_prescription"}}, {"model": "auth.permission", "pk": 64, "fields": {"name": "Can view prescription", "content_type": 16, "codename": "view_prescription"}}, {"model": "auth.permission", "pk": 65, "fields": {"name": "Can add prescribed medicine", "content_type": 17, "codename": "add_prescribedmedicine"}}, {"model": "auth.permission", "pk": 66, "fields": {"name": "Can change prescribed medicine", "content_type": 17, "codename": "change_prescribedmedicine"}}, {"model": "auth.permission", "pk": 67, "fields": {"name": "Can delete prescribed medicine", "content_type": 17, "codename": "delete_prescribedmedicine"}}, {"model": "auth.permission", "pk": 68, "fields": {"name": "Can view prescribed medicine", "content_type": 17, "codename": "view_prescribedmedicine"}}, {"model": "auth.permission", "pk": 69, "fields": {"name": "Can add pharmacist", "content_type": 18, "codename": "add_pharmacist"}}, {"model": "auth.permission", "pk": 70, "fields": {"name": "Can change pharmacist", "content_type": 18, "codename": "change_pharmacist"}}, {"model": "auth.permission", "pk": 71, "fields": {"name": "Can delete pharmacist", "content_type": 18, "codename": "delete_pharmacist"}}, {"model": "auth.permission", "pk": 72, "fields": {"name": "Can view pharmacist", "content_type": 18, "codename": "view_pharmacist"}}, {"model": "auth.permission", "pk": 73, "fields": {"name": "Can add sold medicine without prescription", "content_type": 19, "codename": "add_soldmedicinewithoutprescription"}}, {"model": "auth.permission", "pk": 74, "fields": {"name": "Can change sold medicine without prescription", "content_type": 19, "codename": "change_soldmedicinewithoutprescription"}}, {"model": "auth.permission", "pk": 75, "fields": {"name": "Can delete sold medicine without prescription", "content_type": 19, "codename": "delete_soldmedicinewithoutprescription"}}, {"model": "auth.permission", "pk": 76, "fields": {"name": "Can view sold medicine without prescription", "content_type": 19, "codename": "view_soldmedicinewithoutprescription"}}, {"model": "auth.permission", "pk": 77, "fields": {"name": "Can add sold medicine", "content_type": 20, "codename": "add_soldmedicine"}}, {"model": "auth.permission", "pk": 78, "fields": {"name": "Can change sold medicine", "content_type": 20, "codename": "change_soldmedicine"}}, {"model": "auth.permission", "pk": 79, "fields": {"name": "Can delete sold medicine", "content_type": 20, "codename": "delete_soldmedicine"}}, {"model": "auth.permission", "pk": 80, "fields": {"name": "Can view sold medicine", "content_type": 20, "codename": "view_soldmedicine"}}, {"model": "auth.permission", "pk": 81, "fields": {"name": "Can add order", "content_type": 21, "codename": "add_order"}}, {"model": "auth.permission", "pk": 82, "fields": {"name": "Can change order", "content_type": 21, "codename": "change_order"}}, {"model": "auth.permission", "pk": 83, "fields": {"name": "Can delete order", "content_type": 21, "codename": "delete_order"}}, {"model": "auth.permission", "pk": 84, "fields": {"name": "Can view order", "content_type": 21, "codename": "view_order"}}, {"model": "auth.permission", "pk": 85, "fields": {"name": "Can add medicine stock", "content_type": 22, "codename": "add_medicinestock"}}, {"model": "auth.permission", "pk": 86, "fields": {"name": "Can change medicine stock", "content_type": 22, "codename": "change_medicinestock"}}, {"model": "auth.permission", "pk": 87, "fields": {"name": "Can delete medicine stock", "content_type": 22, "codename": "delete_medicinestock"}}, {"model": "auth.permission", "pk": 88, "fields": {"name": "Can view medicine stock", "content_type": 22, "codename": "view_medicinestock"}}, {"model": "auth.permission", "pk": 89, "fields": {"name": "Can add suspicious sold medicine report", "content_type": 23, "codename": "add_suspicioussoldmedicinereport"}}, {"model": "auth.permission", "pk": 90, "fields": {"name": "Can change suspicious sold medicine report", "content_type": 23, "codename": "change_suspicioussoldmedicinereport"}}, {"model": "auth.permission", "pk": 91, "fields": {"name": "Can delete suspicious sold medicine report", "content_type": 23, "codename": "delete_suspicioussoldmedicinereport"}}, {"model": "auth.permission", "pk": 92, "fields": {"name": "Can view suspicious sold medicine report", "content_type": 23, "codename": "view_suspicioussoldmedicinereport"}}, {"model": "auth.user", "pk": 1, "fields": {"password": "pbkdf2_sha256$260000$YNJ0EjQKfD1PY3CdT7ECZW$jawNqAwKrODn0tHMzFIrrV/74VNYeeo+plzqNu599iw=", "last_login": "2021-09-05T05:59:19.393Z", "is_superuser": true, "username": "admin", "first_name": "", "last_name": "", "email": "", "is_staff": true, "is_active": true, "date_joined": "2019-12-02T15:10:10.034Z", "groups": [], "user_permissions": []}}, {"model": "contenttypes.contenttype", "pk": 1, "fields": {"app_label": "admin", "model": "logentry"}}, {"model": "contenttypes.contenttype", "pk": 2, "fields": {"app_label": "auth", "model": "permission"}}, {"model": "contenttypes.contenttype", "pk": 3, "fields": {"app_label": "auth", "model": "group"}}, {"model": "contenttypes.contenttype", "pk": 4, "fields": {"app_label": "auth", "model": "user"}}, {"model": "contenttypes.contenttype", "pk": 5, "fields": {"app_label": "contenttypes", "model": "contenttype"}}, {"model": "contenttypes.contenttype", "pk": 6, "fields": {"app_label": "sessions", "model": "session"}}, {"model": "contenttypes.contenttype", "pk": 7, "fields": {"app_label": "Company", "model": "antibiotictype"}}, {"model": "contenttypes.contenttype", "pk": 8, "fields": {"app_label": "Company", "model": "company"}}, {"model": "contenttypes.contenttype", "pk": 9, "fields": {"app_label": "Company", "model": "medicineform"}}, {"model": "contenttypes.contenttype", "pk": 10, "fields": {"app_label": "Company", "model": "medicinetype"}}, {"model": "contenttypes.contenttype", "pk": 11, "fields": {"app_label": "Company", "model": "medicine"}}, {"model": "contenttypes.contenttype", "pk": 12, "fields": {"app_label": "Doctor", "model": "doctor"}}, {"model": "contenttypes.contenttype", "pk": 13, "fields": {"app_label": "Patient", "model": "patient"}}, {"model": "contenttypes.contenttype", "pk": 14, "fields": {"app_label": "Patient", "model": "patientbloodgroup"}}, {"model": "contenttypes.contenttype", "pk": 15, "fields": {"app_label": "Patient", "model": "patientsex"}}, {"model": "contenttypes.contenttype", "pk": 16, "fields": {"app_label": "Patient", "model": "prescription"}}, {"model": "contenttypes.contenttype", "pk": 17, "fields": {"app_label": "Patient", "model": "prescribedmedicine"}}, {"model": "contenttypes.contenttype", "pk": 18, "fields": {"app_label": "Pharmacist", "model": "pharmacist"}}, {"model": "contenttypes.contenttype", "pk": 19, "fields": {"app_label": "Pharmacist", "model": "soldmedicinewithoutprescription"}}, {"model": "contenttypes.contenttype", "pk": 20, "fields": {"app_label": "Pharmacist", "model": "soldmedicine"}}, {"model": "contenttypes.contenttype", "pk": 21, "fields": {"app_label": "Pharmacist", "model": "order"}}, {"model": "contenttypes.contenttype", "pk": 22, "fields": {"app_label": "Pharmacist", "model": "medicinestock"}}, {"model": "contenttypes.contenttype", "pk": 23, "fields": {"app_label": "Report", "model": "suspicioussoldmedicinereport"}}, {"model": "sessions.session", "pk": "nxf5kplsc136gs252mt3lvnlzz942ofg", "fields": {"session_data": ".eJxVjDsOwjAQBe_iGlnrZL1OKOlzBmv9wwFkS3FSIe5OIqWA9s3MewvL25rt1uJi5yCuQonL7-bYP2M5QHhwuVfpa1mX2clDkSdtcqohvm6n-3eQueW9Bs1pCOyw8yNBQkAHKaRR97FLRIHibvRkGDiBUw4RQStDCtHQQEZ8vunHNzY:1mMsId:Y9IwIFrkyDnZUwxS_3KyOVStT1I-k8q7XsIMoNdbR0k", "expire_date": "2021-09-19T13:35:07.285Z"}}, {"model": "sessions.session", "pk": "wu6ptpm65idb6238agdksz7g3obbdrpc", "fields": {"session_data": "NTc5Mjk3YzlkNzNkYzIyOWNiODcxYzE5NTQ5MTcwYmJhOWJjOWVmNDp7Il9hdXRoX3VzZXJfaWQiOiIxIiwiX2F1dGhfdXNlcl9iYWNrZW5kIjoiZGphbmdvLmNvbnRyaWIuYXV0aC5iYWNrZW5kcy5Nb2RlbEJhY2tlbmQiLCJfYXV0aF91c2VyX2hhc2giOiJlYTRlOTIwNWVhMDQwY2VkZDAzNzgyYmFkMjM0NjRlMTMzOTJkZTM0IiwibnVtYmVyIjoiMjIyMjIyMjIyMjIiLCJwcmVzaWQiOiIxIiwiaWQiOjEsInVzZXJUeXBlIjoiY29tcGFueSJ9", "expire_date": "2019-12-25T19:10:13.476Z"}}, {"model": "sessions.session", "pk": "xbk4n1fneng27tssp7a11sxc2u65dyhw", "fields": {"session_data": "YzU4NWQ5Y2FiNWRjMTk2MmEyYWM0ZjJjNTNjYTM0ZTdkNTY4NjFlMTp7ImlkIjoxLCJ1c2VyVHlwZSI6InBhdGllbnQiLCJfYXV0aF91c2VyX2lkIjoiMSIsIl9hdXRoX3VzZXJfYmFja2VuZCI6ImRqYW5nby5jb250cmliLmF1dGguYmFja2VuZHMuTW9kZWxCYWNrZW5kIiwiX2F1dGhfdXNlcl9oYXNoIjoiZWE0ZTkyMDVlYTA0MGNlZGQwMzc4MmJhZDIzNDY0ZTEzMzkyZGUzNCJ9", "expire_date": "2019-12-18T07:45:30.064Z"}}, {"model": "sessions.session", "pk": "zndpxzmfpbl4sozgbmvkog3tsrybalo3", "fields": {"session_data": "MzU3NTRhNTUxYmQ3NTM3M2Y3MWIwNWM3N2U3ZDliNDg1YTVhN2Y0MTp7Il9hdXRoX3VzZXJfaWQiOiIxIiwiX2F1dGhfdXNlcl9iYWNrZW5kIjoiZGphbmdvLmNvbnRyaWIuYXV0aC5iYWNrZW5kcy5Nb2RlbEJhY2tlbmQiLCJfYXV0aF91c2VyX2hhc2giOiJlYTRlOTIwNWVhMDQwY2VkZDAzNzgyYmFkMjM0NjRlMTMzOTJkZTM0IiwibnVtYmVyIjoiMDE5NTM5NjMwMDQiLCJwcmVzaWQiOiI0IiwiaWQiOjEsInVzZXJUeXBlIjoicGhhcm1hY2lzdCJ9", "expire_date": "2020-12-22T13:47:56.389Z"}}, {"model": "Company.company", "pk": 1, "fields": {"name": "Aci", "licence": "222", "phoneNumber": "44444444444", "email": "aci@gmail.com", "address": "Demran", "password": "1234"}}, {"model": "Company.antibiotictype", "pk": 1, "fields": {"antibioticTypeName": "Amoxicillin"}}, {"model": "Company.antibiotictype", "pk": 2, "fields": {"antibioticTypeName": "Non_Antibiotic"}}, {"model": "Company.antibiotictype", "pk": 3, "fields": {"antibioticTypeName": "doxycycline"}}, {"model": "Company.medicinetype", "pk": 1, "fields": {"medicineTypeName": "Metronidazole", "antibioticType": 2}}, {"model": "Company.medicinetype", "pk": 2, "fields": {"medicineTypeName": "Paracetamol", "antibioticType": 2}}, {"model": "Company.medicinetype", "pk": 4, "fields": {"medicineTypeName": "Amoxicillin", "antibioticType": 1}}, {"model": "Company.medicinetype", "pk": 6, "fields": {"medicineTypeName": "doxycycline", "antibioticType": 3}}, {"model": "Company.medicineform", "pk": 1, "fields": {"medicineFormName": "Tablet"}}, {"model": "Company.medicineform", "pk": 2, "fields": {"medicineFormName": "Capsule"}}, {"model": "Company.medicineform", "pk": 3, "fields": {"medicineFormName": "Liquid"}}, {"model": "Company.medicine", "pk": 2, "fields": {"company": 1, "medicineName": "Floxin", "singleUnitQuantity": "10", "form": 1, "type": 4}}, {"model": "Company.medicine", "pk": 3, "fields": {"company": 1, "medicineName": "Napa", "singleUnitQuantity": "10", "form": 1, "type": 2}}, {"model": "Company.medicine", "pk": 4, "fields": {"company": 1, "medicineName": "Doxy", "singleUnitQuantity": "6", "form": 1, "type": 6}}, {"model": "Company.medicine", "pk": 5, "fields": {"company": 1, "medicineName": "Napa", "singleUnitQuantity": "10", "form": 2, "type": 2}}, {"model": "Company.medicine", "pk": 6, "fields": {"company": 1, "medicineName": "Medicine A", "singleUnitQuantity": "10", "form": 1, "type": 2}}, {"model": "Doctor.doctor", "pk": 1, "fields": {"phoneNumber": "11111111111", "name": "Rifat", "designation": "MA'S", "type": "Dermatologist", "password": "1234"}}, {"model": "Doctor.doctor", "pk": 2, "fields": {"phoneNumber": "7228985777", "name": "Dhruvin Mehta", "designation": "MA'S", "type": "General", "password": "1234567890"}}, {"model": "Patient.patientsex", "pk": 1, "fields": {"patientSexName": "Male"}}, {"model": "Patient.patientsex", "pk": 2, "fields": {"patientSexName": "Female"}}, {"model": "Patient.patientsex", "pk": 3, "fields": {"patientSexName": "Others"}}, {"model": "Patient.patientbloodgroup", "pk": 1, "fields": {"patientBloodGroupName": "O+"}}, {"model": "Patient.patientbloodgroup", "pk": 2, "fields": {"patientBloodGroupName": "O-"}}, {"model": "Patient.patientbloodgroup", "pk": 3, "fields": {"patientBloodGroupName": "B+"}}, {"model": "Patient.patientbloodgroup", "pk": 4, "fields": {"patientBloodGroupName": "B-"}}, {"model": "Patient.patientbloodgroup", "pk": 5, "fields": {"patientBloodGroupName": "AB+"}}, {"model": "Patient.patientbloodgroup", "pk": 6, "fields": {"patientBloodGroupName": "AB-"}}, {"model": "Patient.patientbloodgroup", "pk": 7, "fields": {"patientBloodGroupName": "A-"}}, {"model": "Patient.patientbloodgroup", "pk": 8, "fields": {"patientBloodGroupName": "A+"}}, {"model": "Patient.patient", "pk": 1, "fields": {"patientName": "Rifat", "patientDateOfBirth": "2018-05-08", "patientSex": 1, "patientPhoneNumber": "22222222222", "patientBloodGroup": 1, "patientPassword": "22222222222"}}, {"model": "Patient.patient", "pk": 2, "fields": {"patientName": "Mahmudul", "patientDateOfBirth": "2014-01-28", "patientSex": 1, "patientPhoneNumber": "01953963004", "patientBloodGroup": 1, "patientPassword": "01953963004"}}, {"model": "Patient.prescription", "pk": 1, "fields": {"prescriptionIssueDate": "12/03/2019", "prescriptionPatient": 1, "prescriptionDoctor": 1}}, {"model": "Patient.prescription", "pk": 2, "fields": {"prescriptionIssueDate": "11/30/2019", "prescriptionPatient": 1, "prescriptionDoctor": 1}}, {"model": "Patient.prescription", "pk": 3, "fields": {"prescriptionIssueDate": "11/30/2019", "prescriptionPatient": 1, "prescriptionDoctor": 1}}, {"model": "Patient.prescription", "pk": 4, "fields": {"prescriptionIssueDate": "11/30/2019", "prescriptionPatient": 2, "prescriptionDoctor": 1}}, {"model": "Patient.prescribedmedicine", "pk": 2, "fields": {"prescribedMedicineFrequancy": "1-1-1", "prescribedMedicineFrequancyQuantity": "1", "prescribedMedicineDuration": "11", "prescribedMedicineMedicine": 2, "prescribedMedicineQuantity": "33", "prescribedMedicineTakenQuantity": "0", "prescribedMedicinePrescription": 2}}, {"model": "Patient.prescribedmedicine", "pk": 3, "fields": {"prescribedMedicineFrequancy": "0-1-0", "prescribedMedicineFrequancyQuantity": "1", "prescribedMedicineDuration": "22", "prescribedMedicineMedicine": 2, "prescribedMedicineQuantity": "22", "prescribedMedicineTakenQuantity": "0", "prescribedMedicinePrescription": 3}}, {"model": "Patient.prescribedmedicine", "pk": 4, "fields": {"prescribedMedicineFrequancy": "0-1-0", "prescribedMedicineFrequancyQuantity": "1", "prescribedMedicineDuration": "20", "prescribedMedicineMedicine": 3, "prescribedMedicineQuantity": "20", "prescribedMedicineTakenQuantity": "0", "prescribedMedicinePrescription": 3}}, {"model": "Patient.prescribedmedicine", "pk": 5, "fields": {"prescribedMedicineFrequancy": "1-0-1", "prescribedMedicineFrequancyQuantity": "1", "prescribedMedicineDuration": "12", "prescribedMedicineMedicine": 2, "prescribedMedicineQuantity": "24", "prescribedMedicineTakenQuantity": "0", "prescribedMedicinePrescription": 4}}, {"model": "Patient.prescribedmedicine", "pk": 6, "fields": {"prescribedMedicineFrequancy": "1-0-1", "prescribedMedicineFrequancyQuantity": "1", "prescribedMedicineDuration": "12", "prescribedMedicineMedicine": 3, "prescribedMedicineQuantity": "24", "prescribedMedicineTakenQuantity": "0", "prescribedMedicinePrescription": 4}}, {"model": "Pharmacist.pharmacist", "pk": 1, "fields": {"storeName": "Laz", "drugLicence": "33", "phoneNumber": "33333333333", "storeAddress": "Dhaka", "password": "1234"}}, {"model": "Pharmacist.pharmacist", "pk": 2, "fields": {"storeName": "GP", "drugLicence": "GP", "phoneNumber": "7228985777", "storeAddress": "GP", "password": "1234567890"}}, {"model": "Pharmacist.order", "pk": 1, "fields": {"medicine": 3, "company": 1, "pharmacist": 1, "quantity": 100, "confirmationState": "Delivered", "deliveryDate": "None"}}, {"model": "Pharmacist.medicinestock", "pk": 1, "fields": {"medicine": 3, "pharmacist": 1, "quantity": 100}}, {"model": "Pharmacist.soldmedicinewithoutprescription", "pk": 2, "fields": {"medicine": 2, "pharmacist": 1, "quantity": 11}}, {"model": "Pharmacist.soldmedicinewithoutprescription", "pk": 3, "fields": {"medicine": 3, "pharmacist": 1, "quantity": 12}}, {"model": "Pharmacist.soldmedicinewithoutprescription", "pk": 4, "fields": {"medicine": 2, "pharmacist": 1, "quantity": 22}}, {"model": "Pharmacist.soldmedicinewithoutprescription", "pk": 5, "fields": {"medicine": 4, "pharmacist": 1, "quantity": 6}}]